name,time,rssi
device_frmpayload_data_gps_location_location,1592732934486000000,-69
device_frmpayload_data_gps_location_location,1592732965638000000,-52
device_frmpayload_data_gps_location_location,1592732996771000000,-78
device_frmpayload_data_gps_location_location,1592733029080000000,-84
device_frmpayload_data_gps_location_location,1592733061370000000,-82
device_frmpayload_data_gps_location_location,1592733093676000000,-87
device_frmpayload_data_gps_location_location,1592733125970000000,-95
device_frmpayload_data_gps_location_location,1592733158276000000,-98
device_frmpayload_data_gps_location_location,1592733222875000000,-95
device_frmpayload_data_gps_location_location,1592733578203000000,-99
device_frmpayload_data_gps_location_location,1592733609320000000,-100
device_frmpayload_data_gps_location_location,1592739063402000000,-108
device_frmpayload_data_gps_location_location,1592739126848000000,-97
device_frmpayload_data_gps_location_location,1592739157979000000,-100
device_frmpayload_data_gps_location_location,1592739189134000000,-95
device_frmpayload_data_gps_location_location,1592739220271000000,-93
device_frmpayload_data_gps_location_location,1592739252576000000,-96
device_frmpayload_data_gps_location_location,1592739283726000000,-89
device_frmpayload_data_gps_location_location,1592739316017000000,-83
device_frmpayload_data_gps_location_location,1592739347162000000,-72
device_frmpayload_data_gps_location_location,1592739378294000000,-78
device_frmpayload_data_gps_location_location,1592739409442000000,-71
device_frmpayload_data_gps_location_location,1592739763588000000,-31
device_frmpayload_data_gps_location_location,1592739956221000000,-27